timestamp,apparent,active,
2011-04-18 17:13:03-04:00,246.25964,248.40176,
2011-04-18 17:13:06-04:00,246.07793,248.21442,
2011-04-18 17:13:09-04:00,246.93253,249.08359,
2011-04-18 17:13:12-04:00,246.9079,249.06586,
2011-04-18 17:13:15-04:00,246.10509,248.25676,
2011-04-18 17:13:18-04:00,246.18697,248.32448,
2011-04-18 17:13:21-04:00,245.32158,247.43867,
2011-04-18 17:13:24-04:00,245.22012,247.314,
2011-04-18 17:13:27-04:00,247.12074,249.23077,
2011-04-18 17:13:30-04:00,251.09459,253.24507,
2011-04-18 17:13:33-04:00,245.3735,247.46687,
2011-04-18 17:13:36-04:00,246.34909,248.45792,
2011-04-18 17:13:39-04:00,246.2553,248.35977,
2011-04-18 17:13:42-04:00,251.9633,254.13121,
2011-04-18 17:13:45-04:00,247.41011,249.54727,
2011-04-18 17:13:48-04:00,249.06215,251.19708,
2011-04-18 17:13:51-04:00,251.99876,254.16443,
2011-04-18 17:13:54-04:00,250.87341,253.02065,
2011-04-18 17:13:57-04:00,245.26976,247.38092,
2011-04-18 17:14:00-04:00,245.28955,247.4043,
2011-04-18 17:14:03-04:00,245.23265,247.34355,
2011-04-18 17:14:06-04:00,245.28241,247.39824,
2011-04-18 17:14:09-04:00,245.39653,247.51488,
2011-04-18 17:14:12-04:00,248.94995,251.094,
2011-04-18 17:14:15-04:00,248.90201,251.06801,
2011-04-18 17:14:18-04:00,247.6564,249.8145,
2011-04-18 17:14:21-04:00,248.0704,250.271,
2011-04-18 17:14:24-04:00,251.0333,253.24997,
2011-04-18 17:14:27-04:00,251.84433,254.0564,
2011-04-18 17:14:30-04:00,250.86247,253.05536,
2011-04-18 17:14:33-04:00,250.89679,253.08676,
2011-04-18 17:14:36-04:00,251.7056,253.89964,
2011-04-18 17:14:39-04:00,248.82484,251.00986,
2011-04-18 17:14:42-04:00,248.9962,251.19197,
2011-04-18 17:14:45-04:00,249.74728,251.93526,
2011-04-18 17:14:48-04:00,250.89154,253.09654,
2011-04-18 17:14:51-04:00,250.583,252.76965,
2011-04-18 17:14:54-04:00,248.5184,250.70206,
2011-04-18 17:14:57-04:00,248.35332,250.55354,
2011-04-18 17:15:00-04:00,248.5509,250.7674,
2011-04-18 17:15:03-04:00,248.75278,250.96217,
2011-04-18 17:15:06-04:00,248.93019,251.11531,
2011-04-18 17:15:09-04:00,247.79117,249.93953,
2011-04-18 17:15:12-04:00,247.93567,250.0945,
2011-04-18 17:15:15-04:00,248.03447,250.18683,
2011-04-18 17:15:18-04:00,249.68823,251.85464,
2011-04-18 17:15:21-04:00,248.9318,251.12828,
2011-04-18 17:15:24-04:00,252.53561,254.76451,
2011-04-18 17:15:27-04:00,254.31616,256.56912,
2011-04-18 17:15:30-04:00,250.71492,252.95923,
2011-04-18 17:15:33-04:00,248.96948,251.20105,
2011-04-18 17:15:36-04:00,248.91635,251.14104,
2011-04-18 17:15:39-04:00,249.7662,251.99045,
2011-04-18 17:15:42-04:00,247.99492,250.20743,
2011-04-18 17:15:45-04:00,249.01382,251.21945,
2011-04-18 17:15:48-04:00,255.4601,257.7145,
2011-04-18 17:15:51-04:00,247.81535,250.00237,
2011-04-18 17:15:54-04:00,247.98904,250.20685,
2011-04-18 17:15:57-04:00,250.16396,252.3592,
2011-04-18 17:16:00-04:00,250.87892,253.13695,
2011-04-18 17:16:03-04:00,250.7118,252.92949,
2011-04-18 17:16:06-04:00,247.83018,250.00824,
2011-04-18 17:16:09-04:00,249.57507,251.74965,
2011-04-18 17:16:12-04:00,249.74991,251.92078,
2011-04-18 17:16:15-04:00,253.55617,255.73596,
2011-04-18 17:16:18-04:00,248.05931,250.18774,
2011-04-18 17:16:21-04:00,248.20015,250.31926,
2011-04-18 17:16:24-04:00,249.88988,251.99297,
2011-04-18 17:16:27-04:00,245.3729,247.44173,
2011-04-18 17:16:30-04:00,246.5977,248.67924,
2011-04-18 17:16:33-04:00,243.2519,245.25603,
2011-04-18 17:16:36-04:00,243.26134,245.26945,
2011-04-18 17:16:39-04:00,245.29678,247.32443,
2011-04-18 17:16:42-04:00,251.40968,253.48877,
2011-04-18 17:16:45-04:00,246.51709,248.51697,
2011-04-18 17:16:48-04:00,248.30746,250.31613,
2011-04-18 17:16:51-04:00,250.86356,252.8852,
2011-04-18 17:16:54-04:00,246.05879,248.05476,
2011-04-18 17:16:57-04:00,246.01671,248.03325,
2011-04-18 17:17:00-04:00,250.88173,252.95572,
2011-04-18 17:17:03-04:00,250.96892,253.04233,
2011-04-18 17:17:06-04:00,248.45598,250.49547,
2011-04-18 17:17:09-04:00,248.54651,250.55676,
2011-04-18 17:17:12-04:00,250.48659,252.50208,
2011-04-18 17:17:15-04:00,248.57835,250.58167,
2011-04-18 17:17:18-04:00,249.41695,251.43472,
2011-04-18 17:17:21-04:00,247.28967,249.31392,
2011-04-18 17:17:24-04:00,247.17119,249.23628,
2011-04-18 17:17:27-04:00,247.18927,249.2883,
2011-04-18 17:17:30-04:00,247.16171,249.26663,
2011-04-18 17:17:33-04:00,247.86311,249.95795,
2011-04-18 17:17:36-04:00,247.10164,249.21095,
2011-04-18 17:17:39-04:00,248.14319,250.2601,
2011-04-18 17:17:42-04:00,250.04315,252.16542,
2011-04-18 17:17:45-04:00,252.19775,254.33096,
2011-04-18 17:17:48-04:00,249.15352,251.2283,
2011-04-18 17:17:51-04:00,249.99178,252.07661,
2011-04-18 17:17:54-04:00,249.99518,252.10278,
2011-04-18 17:17:57-04:00,251.98544,254.12221,
2011-04-18 17:18:00-04:00,248.96124,251.07014,
2011-04-18 17:18:03-04:00,249.15157,251.2905,
2011-04-18 17:18:06-04:00,248.80951,250.93102,
2011-04-18 17:18:09-04:00,251.62383,253.78618,
2011-04-18 17:18:12-04:00,249.78549,251.93356,
2011-04-18 17:18:15-04:00,249.27338,251.41368,
2011-04-18 17:18:18-04:00,247.94547,250.023,
2011-04-18 17:18:21-04:00,250.01013,252.13268,
2011-04-18 17:18:24-04:00,248.79333,250.89822,
2011-04-18 17:18:27-04:00,248.95807,251.08714,
2011-04-18 17:18:30-04:00,249.9027,252.03458,
2011-04-18 17:18:33-04:00,248.94276,251.0762,
2011-04-18 17:18:36-04:00,247.90857,250.04112,
2011-04-18 17:18:39-04:00,247.91495,250.05853,
2011-04-18 17:18:42-04:00,247.81306,249.94844,
2011-04-18 17:18:45-04:00,248.65343,250.80803,
2011-04-18 17:18:48-04:00,247.84787,250.01523,
2011-04-18 17:18:51-04:00,247.89201,250.0584,
2011-04-18 17:18:54-04:00,243.77429,245.89238,
2011-04-18 17:18:57-04:00,246.97656,249.15741,
2011-04-18 17:19:00-04:00,246.86592,249.03185,
2011-04-18 17:19:03-04:00,246.85677,249.03853,
2011-04-18 17:19:06-04:00,244.99164,247.1666,
2011-04-18 17:19:09-04:00,244.95573,247.13947,
2011-04-18 17:19:12-04:00,246.01549,248.21767,
2011-04-18 17:19:15-04:00,245.0934,247.28918,
2011-04-18 17:19:18-04:00,243.75017,245.91681,
2011-04-18 17:19:21-04:00,243.10512,245.29536,
2011-04-18 17:19:24-04:00,243.11336,245.29163,
2011-04-18 17:19:27-04:00,244.05946,246.24641,
2011-04-18 17:19:30-04:00,243.62804,245.79797,
2011-04-18 17:19:33-04:00,246.77638,249.01096,
2011-04-18 17:19:36-04:00,243.90575,246.09662,
2011-04-18 17:19:39-04:00,242.7304,244.89645,
2011-04-18 17:19:42-04:00,243.48451,245.65297,
2011-04-18 17:19:45-04:00,243.52156,245.70973,
2011-04-18 17:19:48-04:00,243.87154,246.06403,
2011-04-18 17:19:51-04:00,245.76953,247.95476,
2011-04-18 17:19:54-04:00,242.41968,244.51508,
2011-04-18 17:19:57-04:00,244.055,246.20374,
2011-04-18 17:20:00-04:00,243.87596,245.9855,
2011-04-18 17:20:03-04:00,243.89381,246.00513,
2011-04-18 17:20:06-04:00,243.0895,245.20807,
2011-04-18 17:20:09-04:00,243.88663,246.01324,
2011-04-18 17:20:12-04:00,242.33244,244.47818,
2011-04-18 17:20:15-04:00,245.10309,247.26141,
2011-04-18 17:20:18-04:00,247.77394,249.95018,
2011-04-18 17:20:21-04:00,247.8192,250.00478,
2011-04-18 17:20:24-04:00,246.80482,248.97835,
2011-04-18 17:20:27-04:00,245.90596,248.0711,
2011-04-18 17:20:30-04:00,244.07622,246.22905,
2011-04-18 17:20:33-04:00,241.41988,243.55066,
2011-04-18 17:20:36-04:00,242.56784,244.70918,
2011-04-18 17:20:39-04:00,243.24878,245.3666,
2011-04-18 17:20:42-04:00,243.1199,245.26819,
2011-04-18 17:20:45-04:00,243.15903,245.33334,
2011-04-18 17:20:48-04:00,243.97264,246.15544,
2011-04-18 17:20:51-04:00,240.97336,243.12544,
2011-04-18 17:20:54-04:00,240.31668,242.4879,
2011-04-18 17:20:57-04:00,241.21622,243.37325,
2011-04-18 17:21:00-04:00,241.25586,243.40485,
2011-04-18 17:21:03-04:00,240.98575,243.09447,
2011-04-18 17:21:06-04:00,243.7899,245.9249,
2011-04-18 17:21:09-04:00,245.02112,247.19281,
2011-04-18 17:21:12-04:00,242.25514,244.3967,
2011-04-18 17:21:15-04:00,242.31572,244.4558,
2011-04-18 17:21:18-04:00,244.07944,246.22139,
2011-04-18 17:21:21-04:00,242.21805,244.3505,
2011-04-18 17:21:24-04:00,245.05386,247.21616,
2011-04-18 17:21:27-04:00,244.5319,246.70398,
2011-04-18 17:21:30-04:00,245.76567,247.91167,
2011-04-18 17:21:33-04:00,241.89258,244.03809,
2011-04-18 17:21:36-04:00,243.00816,245.1853,
2011-04-18 17:21:39-04:00,243.05782,245.22798,
2011-04-18 17:21:42-04:00,243.03548,245.1877,
2011-04-18 17:21:45-04:00,242.14873,244.28041,
2011-04-18 17:21:48-04:00,244.18423,246.32951,
2011-04-18 17:21:51-04:00,242.08424,244.1966,
2011-04-18 17:21:54-04:00,244.57281,246.74591,
2011-04-18 17:21:57-04:00,242.60199,244.70757,
2011-04-18 17:22:00-04:00,242.11575,244.1949,
2011-04-18 17:22:03-04:00,242.1746,244.29169,
2011-04-18 17:22:06-04:00,246.01178,248.18288,
2011-04-18 17:22:09-04:00,242.11533,244.24846,
2011-04-18 17:22:12-04:00,246.87085,249.05402,
2011-04-18 17:22:15-04:00,246.86792,249.0509,
2011-04-18 17:22:18-04:00,245.04747,247.20499,
2011-04-18 17:22:21-04:00,247.76346,249.92476,
2011-04-18 17:22:24-04:00,247.87752,250.05086,
2011-04-18 17:22:27-04:00,244.92859,247.06953,
2011-04-18 17:22:30-04:00,244.84137,246.97556,
2011-04-18 17:22:33-04:00,241.183,243.29132,
2011-04-18 17:22:36-04:00,241.32745,243.44098,
2011-04-18 17:22:39-04:00,244.85359,246.98518,
2011-04-18 17:22:42-04:00,245.72438,247.87975,
2011-04-18 17:22:45-04:00,244.66586,246.83421,
2011-04-18 17:22:48-04:00,246.37694,248.55658,
2011-04-18 17:22:51-04:00,243.71198,245.88472,
2011-04-18 17:22:54-04:00,244.69247,246.86786,
2011-04-18 17:22:57-04:00,244.76672,246.93712,
2011-04-18 17:23:00-04:00,244.4623,246.61168,
2011-04-18 17:23:03-04:00,244.60818,246.77715,
2011-04-18 17:23:06-04:00,244.52573,246.68993,
2011-04-18 17:23:09-04:00,246.74751,248.90366,
2011-04-18 17:23:12-04:00,246.85913,249.04004,
2011-04-18 17:23:15-04:00,243.40286,245.54466,
2011-04-18 17:23:18-04:00,243.84262,245.99745,
2011-04-18 17:23:21-04:00,243.72307,245.8491,
2011-04-18 17:23:24-04:00,244.94994,247.074,
2011-04-18 17:23:27-04:00,245.32352,247.43504,
2011-04-18 17:23:30-04:00,245.84749,247.92426,
2011-04-18 17:23:33-04:00,245.78426,247.88312,
2011-04-18 17:23:36-04:00,244.89722,247.02086,
2011-04-18 17:23:39-04:00,244.70456,246.83221,
2011-04-18 17:23:42-04:00,242.09242,244.2184,
2011-04-18 17:23:45-04:00,244.76587,246.89601,
2011-04-18 17:23:48-04:00,244.89645,247.02954,
2011-04-18 17:23:51-04:00,244.90703,247.03488,
2011-04-18 17:23:54-04:00,246.97832,249.11441,
2011-04-18 17:23:57-04:00,247.28146,249.4186,
2011-04-18 17:24:00-04:00,245.16017,247.25633,
2011-04-18 17:24:03-04:00,244.64627,246.74893,
2011-04-18 17:24:06-04:00,244.61949,246.7613,
2011-04-18 17:24:09-04:00,244.64665,246.80164,
2011-04-18 17:24:12-04:00,244.77606,246.94476,
2011-04-18 17:24:15-04:00,243.91402,246.06857,
2011-04-18 17:24:18-04:00,244.82504,246.9686,
2011-04-18 17:24:21-04:00,246.6288,248.77216,
2011-04-18 17:24:24-04:00,243.45898,245.60374,
2011-04-18 17:24:27-04:00,244.10559,246.2226,
2011-04-18 17:24:30-04:00,243.97745,246.09903,
2011-04-18 17:24:33-04:00,246.8414,249.00958,
2011-04-18 17:24:36-04:00,244.72063,246.8613,
2011-04-18 17:24:39-04:00,244.86472,247.02377,
2011-04-18 17:24:42-04:00,245.6831,247.84853,
2011-04-18 17:24:45-04:00,244.8178,247.00015,
2011-04-18 17:24:48-04:00,244.5699,246.75697,
2011-04-18 17:24:51-04:00,247.64539,249.88763,
2011-04-18 17:24:54-04:00,247.811,250.03828,
2011-04-18 17:24:57-04:00,244.1794,246.36224,
2011-04-18 17:25:00-04:00,245.72853,247.91121,
2011-04-18 17:25:03-04:00,245.55377,247.7559,
2011-04-18 17:25:06-04:00,245.57228,247.80573,
2011-04-18 17:25:09-04:00,243.53557,245.76012,
2011-04-18 17:25:12-04:00,243.54054,245.77512,
2011-04-18 17:25:15-04:00,242.62413,244.84262,
2011-04-18 17:25:18-04:00,245.60748,247.85403,
2011-04-18 17:25:21-04:00,245.23792,247.45859,
2011-04-18 17:25:24-04:00,244.3334,246.57542,
2011-04-18 17:25:27-04:00,244.49773,246.74907,
2011-04-18 17:25:30-04:00,243.68512,245.92041,
2011-04-18 17:25:33-04:00,241.97751,244.17935,
2011-04-18 17:25:36-04:00,244.36046,246.56982,
2011-04-18 17:25:39-04:00,244.09543,246.24959,
2011-04-18 17:25:42-04:00,246.82182,249.01985,
2011-04-18 17:25:45-04:00,243.977,246.18102,
2011-04-18 17:25:48-04:00,243.62996,245.82843,
2011-04-18 17:25:51-04:00,244.41296,246.63986,
2011-04-18 17:25:54-04:00,242.83107,245.07224,
2011-04-18 17:25:57-04:00,244.2627,246.50978,
2011-04-18 17:26:00-04:00,244.28114,246.4752,
2011-04-18 17:26:03-04:00,244.15251,246.31863,
2011-04-18 17:26:06-04:00,242.45189,244.58577,
2011-04-18 17:26:09-04:00,244.49207,246.69814,
2011-04-18 17:26:12-04:00,245.58264,247.81552,
2011-04-18 17:26:15-04:00,241.84074,244.03705,
2011-04-18 17:26:18-04:00,243.7411,245.94322,
2011-04-18 17:26:21-04:00,243.73538,245.93024,
2011-04-18 17:26:24-04:00,242.19652,244.38635,
2011-04-18 17:26:27-04:00,244.06366,246.24286,
2011-04-18 17:26:30-04:00,243.94173,246.09796,
2011-04-18 17:26:33-04:00,245.63223,247.80067,
2011-04-18 17:26:36-04:00,245.73108,247.9325,
2011-04-18 17:26:39-04:00,243.73735,245.91916,
2011-04-18 17:26:42-04:00,243.72519,245.90723,
2011-04-18 17:26:45-04:00,242.67746,244.84473,
2011-04-18 17:26:48-04:00,242.75471,244.93016,
2011-04-18 17:26:51-04:00,242.11305,244.2912,
2011-04-18 17:26:54-04:00,241.82886,243.96799,
2011-04-18 17:26:57-04:00,242.90536,245.06969,
2011-04-18 17:27:00-04:00,242.92789,245.08739,
2011-04-18 17:27:03-04:00,242.93495,245.09285,
2011-04-18 17:27:06-04:00,243.17847,245.3428,
2011-04-18 17:27:09-04:00,246.5125,248.67604,
2011-04-18 17:27:12-04:00,242.87175,245.04039,
2011-04-18 17:27:15-04:00,242.99928,245.18712,
2011-04-18 17:27:18-04:00,244.13657,246.33325,
2011-04-18 17:27:21-04:00,243.73598,245.89795,
2011-04-18 17:27:24-04:00,240.81532,242.94186,
2011-04-18 17:27:27-04:00,242.08104,244.2527,
2011-04-18 17:27:30-04:00,242.5608,244.70786,
2011-04-18 17:27:33-04:00,242.7006,244.89862,
2011-04-18 17:27:36-04:00,240.67218,242.85214,
2011-04-18 17:27:39-04:00,240.46852,242.64896,
2011-04-18 17:27:42-04:00,241.53322,243.74814,
2011-04-18 17:27:45-04:00,241.47607,243.68544,
2011-04-18 17:27:48-04:00,241.3884,243.58607,
2011-04-18 17:27:51-04:00,242.2028,244.41159,
2011-04-18 17:27:54-04:00,240.60176,242.82085,
2011-04-18 17:27:57-04:00,241.1934,243.41112,
2011-04-18 17:28:00-04:00,241.28923,243.53905,
2011-04-18 17:28:03-04:00,241.41286,243.66441,
2011-04-18 17:28:06-04:00,240.07965,242.27667,
2011-04-18 17:28:09-04:00,240.99265,243.24623,
2011-04-18 17:28:12-04:00,241.08606,243.30771,
2011-04-18 17:28:15-04:00,242.85788,245.06517,
2011-04-18 17:28:18-04:00,243.13634,245.36766,
2011-04-18 17:28:21-04:00,241.78027,243.95633,
2011-04-18 17:28:24-04:00,241.00629,243.21501,
2011-04-18 17:28:27-04:00,243.98517,246.2329,
2011-04-18 17:28:30-04:00,243.91693,246.14594,
2011-04-18 17:28:33-04:00,241.46968,243.68773,
2011-04-18 17:28:36-04:00,241.48474,243.6821,
2011-04-18 17:28:39-04:00,242.35158,244.52696,
2011-04-18 17:28:42-04:00,242.28145,244.4488,
2011-04-18 17:28:45-04:00,240.24014,242.37233,
2011-04-18 17:28:48-04:00,241.31633,243.45364,
2011-04-18 17:28:51-04:00,242.06758,244.20137,
2011-04-18 17:28:54-04:00,241.93854,244.08846,
2011-04-18 17:28:57-04:00,242.79692,244.95702,
2011-04-18 17:29:00-04:00,243.64735,245.81718,
2011-04-18 17:29:03-04:00,243.18083,245.33153,
2011-04-18 17:29:06-04:00,243.4472,245.63567,
2011-04-18 17:29:09-04:00,240.70952,242.8766,
2011-04-18 17:29:12-04:00,243.73921,245.91855,
2011-04-18 17:29:15-04:00,242.85294,244.99608,
2011-04-18 17:29:18-04:00,241.42467,243.55074,
2011-04-18 17:29:21-04:00,245.79701,247.92216,
2011-04-18 17:29:24-04:00,241.76697,243.86533,
2011-04-18 17:29:27-04:00,241.85335,243.99104,
2011-04-18 17:29:30-04:00,241.91566,244.07399,
2011-04-18 17:29:33-04:00,243.78456,245.96089,
2011-04-18 17:29:36-04:00,243.80472,245.99124,
2011-04-18 17:29:39-04:00,239.92203,242.07341,
2011-04-18 17:29:42-04:00,241.83963,244.01807,
2011-04-18 17:29:45-04:00,241.80814,243.98895,
2011-04-18 17:29:48-04:00,241.84825,244.02704,
2011-04-18 17:29:51-04:00,241.85583,244.02773,
2011-04-18 17:29:54-04:00,243.56813,245.74539,
2011-04-18 17:29:57-04:00,241.33154,243.47983,
2011-04-18 17:30:00-04:00,241.68108,243.86835,
2011-04-18 17:30:03-04:00,241.92198,244.10431,
2011-04-18 17:30:06-04:00,240.06552,242.20663,
2011-04-18 17:30:09-04:00,242.73236,244.87788,
2011-04-18 17:30:12-04:00,244.80052,246.97542,
2011-04-18 17:30:15-04:00,241.98085,244.12483,
2011-04-18 17:30:18-04:00,243.86555,246.02599,
2011-04-18 17:30:21-04:00,242.95557,245.1041,
2011-04-18 17:30:24-04:00,242.83394,244.97511,
2011-04-18 17:30:27-04:00,242.78584,244.93175,
2011-04-18 17:30:30-04:00,244.54883,246.71733,
2011-04-18 17:30:33-04:00,1426.0637,1438.7921,
2011-04-18 17:30:36-04:00,1798.4437,1814.359,
2011-04-18 17:30:39-04:00,1795.1896,1811.1464,
2011-04-18 17:30:42-04:00,1792.0876,1807.8656,
2011-04-18 17:30:45-04:00,1792.231,1808.0498,
2011-04-18 17:30:48-04:00,1792.679,1808.4833,
2011-04-18 17:30:51-04:00,1788.805,1804.7196,
2011-04-18 17:30:54-04:00,1781.3517,1797.1151,
2011-04-18 17:30:57-04:00,1786.3126,1802.3347,
2011-04-18 17:31:00-04:00,1786.3693,1802.4967,
2011-04-18 17:31:03-04:00,1785.7043,1801.8877,
2011-04-18 17:31:06-04:00,1784.9126,1801.1041,
2011-04-18 17:31:09-04:00,1785.5848,1801.7988,
2011-04-18 17:31:12-04:00,1779.842,1795.8916,
2011-04-18 17:31:15-04:00,1784.1547,1800.1777,
2011-04-18 17:31:18-04:00,1785.1781,1801.0358,
2011-04-18 17:31:21-04:00,1788.0626,1804.0938,
2011-04-18 17:31:24-04:00,1792.2172,1807.9751,
2011-04-18 17:31:27-04:00,1788.7177,1804.4473,
2011-04-18 17:31:30-04:00,1786.6375,1802.3525,
2011-04-18 17:31:33-04:00,1784.9382,1800.8402,
2011-04-18 17:31:36-04:00,1782.4767,1798.6678,
2011-04-18 17:31:39-04:00,1782.7128,1798.9297,
2011-04-18 17:31:42-04:00,1781.0833,1797.1848,
2011-04-18 17:31:45-04:00,1777.9357,1794.045,
2011-04-18 17:31:48-04:00,1777.2623,1793.3848,
2011-04-18 17:31:51-04:00,1782.3734,1798.538,
2011-04-18 17:31:54-04:00,1778.1737,1794.1873,
2011-04-18 17:31:57-04:00,1778.228,1794.3201,
2011-04-18 17:32:00-04:00,1778.6147,1794.761,
2011-04-18 17:32:03-04:00,1779.3499,1795.5922,
2011-04-18 17:32:06-04:00,1779.3597,1795.6902,
2011-04-18 17:32:09-04:00,1781.2524,1797.6162,
2011-04-18 17:32:12-04:00,1783.644,1800.0065,
2011-04-18 17:32:15-04:00,1784.1573,1800.2977,
2011-04-18 17:32:18-04:00,1783.4144,1799.48,
2011-04-18 17:32:21-04:00,1781.7633,1797.937,
2011-04-18 17:32:24-04:00,1781.5856,1797.7042,
2011-04-18 17:32:27-04:00,1785.1799,1801.5289,
2011-04-18 17:32:30-04:00,1784.1746,1800.3911,
2011-04-18 17:32:33-04:00,1787.0996,1803.3428,
2011-04-18 17:32:36-04:00,1786.8469,1802.8242,
2011-04-18 17:32:39-04:00,1789.365,1805.292,
2011-04-18 17:32:42-04:00,1785.0906,1800.8434,
2011-04-18 17:32:45-04:00,1787.3635,1803.4412,
2011-04-18 17:32:48-04:00,1787.0121,1802.9738,
2011-04-18 17:32:51-04:00,1780.4984,1796.2952,
2011-04-18 17:32:54-04:00,1783.894,1799.6388,
2011-04-18 17:32:57-04:00,1785.5947,1801.411,
2011-04-18 17:33:00-04:00,1784.154,1799.9523,
2011-04-18 17:33:03-04:00,1784.3778,1800.2844,
2011-04-18 17:33:06-04:00,1780.9705,1796.8821,
2011-04-18 17:33:09-04:00,1784.0618,1800.1145,
2011-04-18 17:33:12-04:00,1785.1072,1801.3221,
2011-04-18 17:33:15-04:00,1787.0162,1803.2651,
2011-04-18 17:33:18-04:00,1782.7322,1799.0067,
2011-04-18 17:33:21-04:00,1787.7354,1804.1332,
2011-04-18 17:33:24-04:00,1782.2483,1798.3251,
2011-04-18 17:33:27-04:00,1782.6165,1798.9174,
2011-04-18 17:33:30-04:00,1783.866,1800.4562,
2011-04-18 17:33:33-04:00,1784.2821,1800.877,
2011-04-18 17:33:36-04:00,1781.5598,1797.8201,
2011-04-18 17:33:39-04:00,1785.8,1802.4392,
2011-04-18 17:33:42-04:00,1782.0428,1798.4044,
2011-04-18 17:33:45-04:00,1785.206,1801.5518,
2011-04-18 17:33:48-04:00,1784.304,1800.5645,
2011-04-18 17:33:51-04:00,1787.4644,1803.8672,
2011-04-18 17:33:54-04:00,1784.5793,1800.7552,
2011-04-18 17:33:57-04:00,234.72981,236.85594,
2011-04-18 17:34:00-04:00,233.53786,235.59497,
2011-04-18 17:34:03-04:00,233.3556,235.46243,
2011-04-18 17:34:06-04:00,236.38203,238.55325,
2011-04-18 17:34:09-04:00,237.35156,239.53659,
2011-04-18 17:34:12-04:00,235.70337,237.86086,
2011-04-18 17:34:15-04:00,235.84642,237.96239,
2011-04-18 17:34:18-04:00,236.98386,239.09424,
2011-04-18 17:34:21-04:00,238.60466,240.69164,
2011-04-18 17:34:24-04:00,235.93243,238.02577,
2011-04-18 17:34:27-04:00,236.31323,238.41461,
2011-04-18 17:34:30-04:00,236.34712,238.46335,
2011-04-18 17:34:33-04:00,238.36803,240.55446,
2011-04-18 17:34:36-04:00,237.2205,239.3206,
2011-04-18 17:34:39-04:00,237.34253,239.44524,
2011-04-18 17:34:42-04:00,237.60707,239.70538,
2011-04-18 17:34:45-04:00,236.88513,239.05003,
2011-04-18 17:34:48-04:00,236.59825,238.78282,
2011-04-18 17:34:51-04:00,234.67911,236.87823,
2011-04-18 17:34:54-04:00,238.25342,240.4893,
2011-04-18 17:34:57-04:00,237.19844,239.39275,
2011-04-18 17:35:00-04:00,237.91757,240.15819,
2011-04-18 17:35:03-04:00,237.67923,239.86974,
2011-04-18 17:35:06-04:00,235.56355,237.72382,
2011-04-18 17:35:09-04:00,235.83203,238.02184,
2011-04-18 17:35:12-04:00,236.6727,238.85266,
2011-04-18 17:35:15-04:00,236.96512,239.1343,
2011-04-18 17:35:18-04:00,237.81375,240.00911,
2011-04-18 17:35:21-04:00,235.57806,237.7585,
2011-04-18 17:35:24-04:00,239.9754,242.24617,
2011-04-18 17:35:27-04:00,236.12776,238.32758,
2011-04-18 17:35:30-04:00,236.22174,238.40404,
2011-04-18 17:35:33-04:00,234.97491,237.09659,
2011-04-18 17:35:36-04:00,236.77274,239.02057,
2011-04-18 17:35:39-04:00,235.55138,237.71996,
2011-04-18 17:35:42-04:00,235.32399,237.45526,
2011-04-18 17:35:45-04:00,239.3223,241.49799,
2011-04-18 17:35:48-04:00,237.53165,239.67163,
2011-04-18 17:35:51-04:00,236.73605,238.86458,
2011-04-18 17:35:54-04:00,236.99605,239.10948,
2011-04-18 17:35:57-04:00,236.98277,239.07657,
2011-04-18 17:36:00-04:00,239.83574,241.95326,
2011-04-18 17:36:03-04:00,239.32599,241.42982,
2011-04-18 17:36:06-04:00,238.28636,240.4019,
2011-04-18 17:36:09-04:00,235.25897,237.45416,
2011-04-18 17:36:12-04:00,238.24657,240.46938,
2011-04-18 17:36:15-04:00,235.77861,237.95311,
2011-04-18 17:36:18-04:00,175.24838,176.88666,
2011-04-18 17:36:21-04:00,173.26749,174.86331,
2011-04-18 17:36:24-04:00,175.34753,176.96454,
2011-04-18 17:36:27-04:00,175.12775,176.746,
2011-04-18 17:36:30-04:00,176.7966,178.47855,
2011-04-18 17:36:33-04:00,176.05167,177.7119,
2011-04-18 17:36:36-04:00,174.60982,176.20967,
2011-04-18 17:36:39-04:00,175.30185,176.9217,
2011-04-18 17:36:42-04:00,174.39241,176.04214,
2011-04-18 17:36:45-04:00,174.37015,176.04124,
2011-04-18 17:36:48-04:00,174.56203,176.26225,
2011-04-18 17:36:51-04:00,174.2525,175.92174,
2011-04-18 17:36:54-04:00,175.48578,177.16882,
2011-04-18 17:36:57-04:00,175.28406,176.93776,
2011-04-18 17:37:00-04:00,175.31618,176.97203,
2011-04-18 17:37:03-04:00,175.69867,177.36234,
2011-04-18 17:37:06-04:00,176.96507,178.62878,
2011-04-18 17:37:09-04:00,175.04482,176.66025,
2011-04-18 17:37:12-04:00,175.81488,177.43031,
2011-04-18 17:37:15-04:00,175.02132,176.6435,
2011-04-18 17:37:18-04:00,176.8726,178.51567,
2011-04-18 17:37:21-04:00,176.7678,178.41876,
2011-04-18 17:37:24-04:00,174.97678,176.63055,
2011-04-18 17:37:27-04:00,174.22414,175.87851,
2011-04-18 17:37:30-04:00,176.78291,178.44934,
2011-04-18 17:37:33-04:00,176.13127,177.80573,
2011-04-18 17:37:36-04:00,176.11012,177.75598,
2011-04-18 17:37:39-04:00,177.09567,178.74812,
2011-04-18 17:37:42-04:00,177.23108,178.88042,
2011-04-18 17:37:45-04:00,175.1665,176.775,
2011-04-18 17:37:48-04:00,176.17949,177.80574,
2011-04-18 17:37:51-04:00,175.61957,177.22243,
2011-04-18 17:37:54-04:00,172.78923,174.41127,
2011-04-18 17:37:57-04:00,175.93407,177.60855,
2011-04-18 17:38:00-04:00,175.72586,177.34799,
2011-04-18 17:38:03-04:00,175.41254,177.01193,
2011-04-18 17:38:06-04:00,175.99104,177.63194,
2011-04-18 17:38:09-04:00,176.19977,177.81482,
2011-04-18 17:38:12-04:00,176.1691,177.75499,
2011-04-18 17:38:15-04:00,174.12822,175.69379,
2011-04-18 17:38:18-04:00,174.98143,176.5565,
2011-04-18 17:38:21-04:00,124.82555,123.39035,
2011-04-18 17:38:24-04:00,170.18488,172.99544,
2011-04-18 17:38:27-04:00,160.85155,162.0108,
2011-04-18 17:38:30-04:00,162.5466,163.1333,
2011-04-18 17:38:33-04:00,162.55592,162.84785,
2011-04-18 17:38:36-04:00,162.6465,162.72623,
2011-04-18 17:38:39-04:00,164.48715,164.42648,
2011-04-18 17:38:42-04:00,161.90619,161.76791,
2011-04-18 17:38:45-04:00,162.81915,162.6669,
2011-04-18 17:38:48-04:00,162.13947,162.03871,
2011-04-18 17:38:51-04:00,163.94415,163.88567,
2011-04-18 17:38:54-04:00,164.26666,164.24478,
2011-04-18 17:38:57-04:00,163.6724,163.62906,
2011-04-18 17:39:00-04:00,163.82169,163.67516,
2011-04-18 17:39:03-04:00,164.56862,164.32486,
2011-04-18 17:39:06-04:00,164.1293,163.70178,
2011-04-18 17:39:09-04:00,163.79521,164.72606,
2011-04-18 17:39:12-04:00,166.13098,167.10094,
2011-04-18 17:39:15-04:00,163.72105,164.7226,
2011-04-18 17:39:18-04:00,165.29242,166.32169,
2011-04-18 17:39:21-04:00,161.50998,162.47029,
2011-04-18 17:39:24-04:00,162.80508,163.79147,
2011-04-18 17:39:27-04:00,163.33946,164.30324,
2011-04-18 17:39:30-04:00,163.45425,164.43987,
2011-04-18 17:39:33-04:00,163.87459,164.8852,
2011-04-18 17:39:36-04:00,161.87521,162.82938,
2011-04-18 17:39:39-04:00,162.05968,163.02394,
2011-04-18 17:39:42-04:00,164.69235,165.66656,
2011-04-18 17:39:45-04:00,161.17746,162.13997,
2011-04-18 17:39:48-04:00,162.05469,163.04285,
2011-04-18 17:39:51-04:00,161.6897,162.672,
2011-04-18 17:39:54-04:00,161.79605,162.80399,
2011-04-18 17:39:57-04:00,162.61488,163.64804,
2011-04-18 17:40:00-04:00,161.54507,162.58275,
2011-04-18 17:40:03-04:00,161.85176,162.92381,
2011-04-18 17:40:06-04:00,161.71292,162.76541,
2011-04-18 17:40:09-04:00,162.14291,163.17307,
2011-04-18 17:40:12-04:00,162.75722,163.81142,
2011-04-18 17:40:15-04:00,162.81128,163.8133,
2011-04-18 17:40:18-04:00,163.07664,164.07376,
2011-04-18 17:40:21-04:00,164.05676,165.04163,
2011-04-18 17:40:24-04:00,162.1818,163.15787,
2011-04-18 17:40:27-04:00,161.8298,162.82527,
2011-04-18 17:40:30-04:00,161.90764,162.93987,
2011-04-18 17:40:33-04:00,160.24945,161.29794,
2011-04-18 17:40:36-04:00,161.8776,162.92361,
2011-04-18 17:40:39-04:00,167.56488,168.67255,
2011-04-18 17:40:42-04:00,162.01833,163.05455,
2011-04-18 17:40:45-04:00,161.21999,162.26001,
2011-04-18 17:40:48-04:00,162.03722,163.07474,
2011-04-18 17:40:51-04:00,162.13057,163.17686,
2011-04-18 17:40:54-04:00,162.01842,163.04674,
2011-04-18 17:40:57-04:00,162.31651,163.36682,
2011-04-18 17:41:00-04:00,162.02892,163.0718,
2011-04-18 17:41:03-04:00,161.63887,162.69505,
2011-04-18 17:41:06-04:00,160.99185,162.09294,
2011-04-18 17:41:09-04:00,165.09447,166.19597,
2011-04-18 17:41:12-04:00,161.66179,162.74188,
2011-04-18 17:41:15-04:00,164.49466,165.56474,
2011-04-18 17:41:18-04:00,165.77765,166.86855,
2011-04-18 17:41:21-04:00,161.18785,162.20271,
2011-04-18 17:41:24-04:00,160.43304,161.44615,
2011-04-18 17:41:27-04:00,160.3761,161.37575,
2011-04-18 17:41:30-04:00,164.84964,165.88806,
2011-04-18 17:41:33-04:00,163.9521,164.98534,
2011-04-18 17:41:36-04:00,164.794,165.83853,
2011-04-18 17:41:39-04:00,164.8337,165.87859,
2011-04-18 17:41:42-04:00,165.75084,166.80858,
2011-04-18 17:41:45-04:00,163.42455,164.47374,
2011-04-18 17:41:48-04:00,163.33836,164.36374,
2011-04-18 17:41:51-04:00,167.46143,168.50356,
2011-04-18 17:41:54-04:00,160.54257,161.55688,
2011-04-18 17:41:57-04:00,162.2504,163.27446,
2011-04-18 17:42:00-04:00,162.15039,163.18338,
2011-04-18 17:42:03-04:00,162.25574,163.32199,
2011-04-18 17:42:06-04:00,164.76064,165.82468,
2011-04-18 17:42:09-04:00,163.1391,164.20047,
2011-04-18 17:42:12-04:00,162.13264,163.1843,
2011-04-18 17:42:15-04:00,166.4425,167.52959,
2011-04-18 17:42:18-04:00,162.18712,163.25346,
2011-04-18 17:42:21-04:00,162.14516,163.19867,
2011-04-18 17:42:24-04:00,163.10614,164.16068,
2011-04-18 17:42:27-04:00,163.91147,164.97827,
2011-04-18 17:42:30-04:00,161.26375,162.31346,
2011-04-18 17:42:33-04:00,162.09447,163.15634,
2011-04-18 17:42:36-04:00,161.42366,162.48985,
2011-04-18 17:42:39-04:00,162.16325,163.21655,
2011-04-18 17:42:42-04:00,161.12163,162.18079,
2011-04-18 17:42:45-04:00,161.6356,162.72827,
2011-04-18 17:42:48-04:00,161.58607,162.64278,
2011-04-18 17:42:51-04:00,161.20984,162.24435,
2011-04-18 17:42:54-04:00,163.20685,164.28757,
2011-04-18 17:42:57-04:00,160.24707,161.29456,
2011-04-18 17:43:00-04:00,160.40031,161.46407,
2011-04-18 17:43:03-04:00,160.67087,161.74098,
2011-04-18 17:43:06-04:00,160.92303,161.94771,
2011-04-18 17:43:09-04:00,162.87599,163.93839,
2011-04-18 17:43:12-04:00,165.93735,167.03735,
2011-04-18 17:43:15-04:00,161.41525,162.44687,
2011-04-18 17:43:18-04:00,161.57198,162.61241,
2011-04-18 17:43:21-04:00,161.41864,162.45071,
2011-04-18 17:43:24-04:00,162.17108,163.21194,
2011-04-18 17:43:27-04:00,162.36124,163.42259,
2011-04-18 17:43:30-04:00,163.03156,164.07523,
2011-04-18 17:43:33-04:00,160.43736,161.47939,
2011-04-18 17:43:36-04:00,162.356,163.42407,
2011-04-18 17:43:39-04:00,162.2655,163.32341,
2011-04-18 17:43:42-04:00,162.30904,163.37086,
2011-04-18 17:43:45-04:00,163.14423,164.2025,
2011-04-18 17:43:48-04:00,160.54517,161.59673,
2011-04-18 17:43:51-04:00,163.22984,164.3036,
2011-04-18 17:43:54-04:00,161.50294,162.57147,
2011-04-18 17:43:57-04:00,159.88972,160.91296,
2011-04-18 17:44:00-04:00,160.42961,161.52971,
2011-04-18 17:44:03-04:00,160.45941,161.54564,
2011-04-18 17:44:06-04:00,162.28465,163.36613,
2011-04-18 17:44:09-04:00,162.45189,163.52766,
2011-04-18 17:44:12-04:00,161.5832,162.62994,
2011-04-18 17:44:15-04:00,161.9306,163.04356,
2011-04-18 17:44:18-04:00,161.14857,162.25916,
2011-04-18 17:44:21-04:00,159.99104,161.068,
2011-04-18 17:44:24-04:00,161.0265,162.13602,
2011-04-18 17:44:27-04:00,164.04956,165.17177,
2011-04-18 17:44:30-04:00,161.35104,162.4178,
2011-04-18 17:44:33-04:00,160.47531,161.5395,
2011-04-18 17:44:36-04:00,160.51047,161.57161,
2011-04-18 17:44:39-04:00,160.48099,161.53592,
2011-04-18 17:44:42-04:00,161.36734,162.43532,
2011-04-18 17:44:45-04:00,164.02982,165.14369,
2011-04-18 17:44:48-04:00,162.34814,163.45714,
2011-04-18 17:44:51-04:00,163.12321,164.23347,
2011-04-18 17:44:54-04:00,161.31416,162.42316,
2011-04-18 17:44:57-04:00,164.97736,166.11972,
2011-04-18 17:45:00-04:00,164.80702,165.92075,
2011-04-18 17:45:03-04:00,164.78258,165.8955,
2011-04-18 17:45:06-04:00,161.25928,162.35474,
2011-04-18 17:45:09-04:00,161.4306,162.52904,
2011-04-18 17:45:12-04:00,162.11383,163.18944,
2011-04-18 17:45:15-04:00,164.00417,165.10396,
2011-04-18 17:45:18-04:00,164.05449,165.15144,
2011-04-18 17:45:21-04:00,161.32564,162.39018,
2011-04-18 17:45:24-04:00,162.29219,163.37102,
2011-04-18 17:45:27-04:00,164.17943,165.27751,
2011-04-18 17:45:30-04:00,163.87552,164.95604,
2011-04-18 17:45:33-04:00,163.83014,164.92355,
2011-04-18 17:45:36-04:00,161.44614,162.53955,
2011-04-18 17:45:39-04:00,163.30617,164.40067,
2011-04-18 17:45:42-04:00,165.91556,167.01349,
2011-04-18 17:45:45-04:00,163.18555,164.26196,
2011-04-18 17:45:48-04:00,161.39458,162.46738,
2011-04-18 17:45:51-04:00,164.1035,165.21497,
2011-04-18 17:45:54-04:00,164.28229,165.4019,
2011-04-18 17:45:57-04:00,163.04965,164.1364,
2011-04-18 17:46:00-04:00,164.98668,166.1137,
2011-04-18 17:46:03-04:00,164.87857,165.99458,
2011-04-18 17:46:06-04:00,161.39326,162.49622,
2011-04-18 17:46:09-04:00,161.0766,162.17587,
2011-04-18 17:46:12-04:00,163.11646,164.254,
2011-04-18 17:46:15-04:00,163.22913,164.35428,
2011-04-18 17:46:18-04:00,164.21632,165.3371,
2011-04-18 17:46:21-04:00,164.10191,165.20216,
2011-04-18 17:46:24-04:00,165.81433,166.92526,
2011-04-18 17:46:27-04:00,160.48727,161.5688,
2011-04-18 17:46:30-04:00,160.54172,161.63583,
2011-04-18 17:46:33-04:00,161.41101,162.51285,
2011-04-18 17:46:36-04:00,163.66307,164.79327,
2011-04-18 17:46:39-04:00,161.32767,162.38556,
2011-04-18 17:46:42-04:00,161.47559,162.56265,
2011-04-18 17:46:45-04:00,161.02306,162.09315,
2011-04-18 17:46:48-04:00,163.87866,164.9962,
2011-04-18 17:46:51-04:00,163.84564,164.96246,
2011-04-18 17:46:54-04:00,161.9765,163.07294,
2011-04-18 17:46:57-04:00,162.16219,163.264,
2011-04-18 17:47:00-04:00,159.95284,161.016,
2011-04-18 17:47:03-04:00,160.41084,161.51201,
2011-04-18 17:47:06-04:00,160.0976,161.17302,
2011-04-18 17:47:09-04:00,161.10078,162.1935,
2011-04-18 17:47:12-04:00,160.8733,161.96115,
2011-04-18 17:47:15-04:00,159.92102,161.01816,
2011-04-18 17:47:18-04:00,159.7784,160.87393,
2011-04-18 17:47:21-04:00,160.72815,161.83888,
2011-04-18 17:47:24-04:00,162.476,163.59927,
2011-04-18 17:47:27-04:00,162.55382,163.67993,
2011-04-18 17:47:30-04:00,159.83699,160.93721,
2011-04-18 17:47:33-04:00,159.96716,161.08096,
2011-04-18 17:47:36-04:00,160.77345,161.88719,
2011-04-18 17:47:39-04:00,159.7964,160.90762,
2011-04-18 17:47:42-04:00,159.94167,161.0628,
2011-04-18 17:47:45-04:00,161.70561,162.83167,
2011-04-18 17:47:48-04:00,163.40297,164.53572,
2011-04-18 17:47:51-04:00,163.50255,164.65,
2011-04-18 17:47:54-04:00,161.70857,162.84045,
2011-04-18 17:47:57-04:00,160.09479,161.21938,
2011-04-18 17:48:00-04:00,160.26556,161.38643,
2011-04-18 17:48:03-04:00,160.20807,161.31155,
2011-04-18 17:48:06-04:00,160.06566,161.17139,
2011-04-18 17:48:09-04:00,159.98314,161.10733,
2011-04-18 17:48:12-04:00,159.2382,160.38237,
2011-04-18 17:48:15-04:00,161.98546,163.15327,
2011-04-18 17:48:18-04:00,161.63576,162.77748,
2011-04-18 17:48:21-04:00,160.01544,161.16165,
2011-04-18 17:48:24-04:00,160.12634,161.26633,
2011-04-18 17:48:27-04:00,160.34184,161.47493,
2011-04-18 17:48:30-04:00,159.53397,160.61479,
2011-04-18 17:48:33-04:00,160.93974,162.08978,
2011-04-18 17:48:36-04:00,158.84906,159.94693,
2011-04-18 17:48:39-04:00,159.05093,160.15392,
2011-04-18 17:48:42-04:00,161.06793,162.19202,
2011-04-18 17:48:45-04:00,161.15732,162.27274,
2011-04-18 17:48:48-04:00,159.21098,160.29913,
2011-04-18 17:48:51-04:00,158.9763,160.05261,
2011-04-18 17:48:54-04:00,160.13008,161.23135,
2011-04-18 17:48:57-04:00,161.93002,163.02754,
2011-04-18 17:49:00-04:00,161.92567,163.01756,
2011-04-18 17:49:03-04:00,162.12503,163.2242,
2011-04-18 17:49:06-04:00,161.96336,163.03363,
2011-04-18 17:49:09-04:00,161.89511,162.96548,
2011-04-18 17:49:12-04:00,162.8532,163.9504,
2011-04-18 17:49:15-04:00,162.95299,164.0553,
2011-04-18 17:49:18-04:00,162.93474,164.03175,
2011-04-18 17:49:21-04:00,161.13684,162.2184,
2011-04-18 17:49:24-04:00,162.23874,163.35754,
2011-04-18 17:49:27-04:00,161.97551,163.07852,
2011-04-18 17:49:30-04:00,160.93575,162.01895,
2011-04-18 17:49:33-04:00,160.14934,161.2372,
2011-04-18 17:49:36-04:00,162.1153,163.22867,
2011-04-18 17:49:39-04:00,159.3623,160.44942,
2011-04-18 17:49:42-04:00,159.01881,160.08131,
2011-04-18 17:49:45-04:00,160.74579,161.83075,
2011-04-18 17:49:48-04:00,161.22244,162.30757,
2011-04-18 17:49:51-04:00,161.81126,162.94882,
2011-04-18 17:49:54-04:00,162.55272,163.65431,
2011-04-18 17:49:57-04:00,161.15588,162.25954,
2011-04-18 17:50:00-04:00,161.12848,162.2184,
2011-04-18 17:50:03-04:00,160.80191,161.8563,
2011-04-18 17:50:06-04:00,162.58234,163.6581,
2011-04-18 17:50:09-04:00,159.17015,160.22304,
2011-04-18 17:50:12-04:00,158.94371,159.97574,
2011-04-18 17:50:15-04:00,161.51863,162.5772,
2011-04-18 17:50:18-04:00,162.31546,163.39691,
2011-04-18 17:50:21-04:00,160.57849,161.65253,
2011-04-18 17:50:24-04:00,159.2287,160.30614,
2011-04-18 17:50:27-04:00,160.94754,161.99449,
2011-04-18 17:50:30-04:00,161.03583,162.07085,
2011-04-18 17:50:33-04:00,162.3042,163.37448,
2011-04-18 17:50:36-04:00,162.31946,163.37454,
2011-04-18 17:50:39-04:00,159.33891,160.35403,
2011-04-18 17:50:42-04:00,159.39767,160.45058,
2011-04-18 17:50:45-04:00,161.15193,162.22842,
2011-04-18 17:50:48-04:00,161.07452,162.14133,
2011-04-18 17:50:51-04:00,162.97708,164.08563,
2011-04-18 17:50:54-04:00,159.11331,160.18863,
2011-04-18 17:50:57-04:00,160.2652,161.39566,
2011-04-18 17:51:00-04:00,160.23685,161.36392,
2011-04-18 17:51:03-04:00,160.199,161.3261,
2011-04-18 17:51:06-04:00,159.42967,160.55515,
2011-04-18 17:51:09-04:00,161.26102,162.38646,
2011-04-18 17:51:12-04:00,161.14825,162.25209,
2011-04-18 17:51:15-04:00,161.3258,162.43916,
2011-04-18 17:51:18-04:00,160.47623,161.589,
2011-04-18 17:51:21-04:00,160.57779,161.69286,
2011-04-18 17:51:24-04:00,161.13585,162.23164,
2011-04-18 17:51:27-04:00,162.28954,163.42757,
2011-04-18 17:51:30-04:00,159.27419,160.37746,
2011-04-18 17:51:33-04:00,159.65196,160.78957,
2011-04-18 17:51:36-04:00,159.57954,160.70337,
2011-04-18 17:51:39-04:00,162.3671,163.5033,
2011-04-18 17:51:42-04:00,160.27008,161.3709,
2011-04-18 17:51:45-04:00,163.42253,164.5722,
2011-04-18 17:51:48-04:00,160.53584,161.63226,
2011-04-18 17:51:51-04:00,159.05653,160.11368,
2011-04-18 17:51:54-04:00,158.99648,160.08195,
2011-04-18 17:51:57-04:00,159.2834,160.40262,
2011-04-18 17:52:00-04:00,161.2165,162.33328,
2011-04-18 17:52:03-04:00,161.53587,162.64,
2011-04-18 17:52:06-04:00,161.66339,162.75552,
2011-04-18 17:52:09-04:00,161.62958,162.69997,
2011-04-18 17:52:12-04:00,159.9009,160.96455,
2011-04-18 17:52:15-04:00,159.85182,160.9151,
2011-04-18 17:52:18-04:00,160.82263,161.90472,
2011-04-18 17:52:21-04:00,160.43134,161.47873,
2011-04-18 17:52:24-04:00,159.85042,160.92479,
2011-04-18 17:52:27-04:00,160.84396,161.92601,
2011-04-18 17:52:30-04:00,160.83775,161.91669,
2011-04-18 17:52:33-04:00,160.81528,161.89366,
2011-04-18 17:52:36-04:00,161.64287,162.72473,
2011-04-18 17:52:39-04:00,159.84393,160.92175,
2011-04-18 17:52:42-04:00,159.89825,160.9856,
2011-04-18 17:52:45-04:00,159.78072,160.84839,
2011-04-18 17:52:48-04:00,159.93045,161.01059,
2011-04-18 17:52:51-04:00,159.96492,161.04738,
2011-04-18 17:52:54-04:00,159.9444,161.01773,
2011-04-18 17:52:57-04:00,159.82362,160.89265,
2011-04-18 17:53:00-04:00,159.8593,160.94247,
2011-04-18 17:53:03-04:00,159.6949,160.76135,
2011-04-18 17:53:06-04:00,159.84412,160.92897,
2011-04-18 17:53:09-04:00,160.82391,161.92932,
2011-04-18 17:53:12-04:00,162.38907,163.50166,
2011-04-18 17:53:15-04:00,166.19196,167.34595,
2011-04-18 17:53:18-04:00,160.74701,161.84534,
2011-04-18 17:53:21-04:00,162.56921,163.6821,
2011-04-18 17:53:24-04:00,162.5524,163.66438,
2011-04-18 17:53:27-04:00,162.5683,163.68169,
2011-04-18 17:53:30-04:00,162.42851,163.54099,
2011-04-18 17:53:33-04:00,160.52257,161.64026,
2011-04-18 17:53:36-04:00,160.68974,161.8273,
2011-04-18 17:53:39-04:00,161.64786,162.79222,
2011-04-18 17:53:42-04:00,160.79521,161.92177,
2011-04-18 17:53:45-04:00,160.54431,161.6601,
2011-04-18 17:53:48-04:00,160.92958,162.06972,
2011-04-18 17:53:51-04:00,160.9487,162.08104,
2011-04-18 17:53:54-04:00,160.15024,161.27068,
2011-04-18 17:53:57-04:00,163.45003,164.5685,
2011-04-18 17:54:00-04:00,163.57152,164.70848,
2011-04-18 17:54:03-04:00,163.65411,164.79643,
2011-04-18 17:54:06-04:00,162.63911,163.7599,
2011-04-18 17:54:09-04:00,160.05902,161.17201,
2011-04-18 17:54:12-04:00,160.91461,162.03284,
2011-04-18 17:54:15-04:00,162.66806,163.80191,
2011-04-18 17:54:18-04:00,163.66547,164.8141,
2011-04-18 17:54:21-04:00,163.5241,164.6553,
2011-04-18 17:54:24-04:00,160.01353,161.12468,
2011-04-18 17:54:27-04:00,160.12859,161.23886,
2011-04-18 17:54:30-04:00,160.90799,162.00755,
2011-04-18 17:54:33-04:00,160.85582,161.94687,
2011-04-18 17:54:36-04:00,160.03275,161.13016,
2011-04-18 17:54:39-04:00,159.8286,160.91193,
2011-04-18 17:54:42-04:00,159.99332,161.09265,
2011-04-18 17:54:45-04:00,159.94537,161.04347,
2011-04-18 17:54:48-04:00,163.53256,164.652,
2011-04-18 17:54:51-04:00,159.95204,161.04031,
2011-04-18 17:54:54-04:00,161.48611,162.58829,
2011-04-18 17:54:57-04:00,163.67657,164.82536,
2011-04-18 17:55:00-04:00,163.6175,164.75519,
2011-04-18 17:55:03-04:00,163.55533,164.68495,
2011-04-18 17:55:06-04:00,160.28204,161.39177,
2011-04-18 17:55:09-04:00,163.65833,164.77292,
2011-04-18 17:55:12-04:00,160.94316,162.03648,
2011-04-18 17:55:15-04:00,160.93912,162.03415,
2011-04-18 17:55:18-04:00,161.10303,162.21167,
2011-04-18 17:55:21-04:00,160.02162,161.11679,
2011-04-18 17:55:24-04:00,160.61258,161.70108,
2011-04-18 17:55:27-04:00,160.17053,161.29443,
2011-04-18 17:55:30-04:00,161.50122,162.60037,
2011-04-18 17:55:33-04:00,159.7934,160.89249,
2011-04-18 17:55:36-04:00,160.19308,161.29959,
2011-04-18 17:55:39-04:00,160.07088,161.15318,
2011-04-18 17:55:42-04:00,160.07489,161.15857,
2011-04-18 17:55:45-04:00,160.12027,161.20985,
2011-04-18 17:55:48-04:00,159.05763,160.12056,
2011-04-18 17:55:51-04:00,160.50435,161.58139,
2011-04-18 17:55:54-04:00,159.89539,161.00853,
2011-04-18 17:55:57-04:00,159.59048,160.68204,
2011-04-18 17:56:00-04:00,159.87646,160.99539,
2011-04-18 17:56:03-04:00,159.95804,161.06654,
2011-04-18 17:56:06-04:00,158.94835,160.0346,
2011-04-18 17:56:09-04:00,159.69675,160.77621,
2011-04-18 17:56:12-04:00,159.78885,160.88828,
2011-04-18 17:56:15-04:00,159.91907,161.02051,
2011-04-18 17:56:18-04:00,159.88423,160.97423,
2011-04-18 17:56:21-04:00,158.9357,160.01913,
2011-04-18 17:56:24-04:00,159.22029,160.3282,
2011-04-18 17:56:27-04:00,161.7353,162.84505,
2011-04-18 17:56:30-04:00,159.13,160.21762,
2011-04-18 17:56:33-04:00,159.85909,160.94315,
2011-04-18 17:56:36-04:00,158.9668,160.06503,
2011-04-18 17:56:39-04:00,159.00157,160.10434,
2011-04-18 17:56:42-04:00,162.51776,163.6418,
2011-04-18 17:56:45-04:00,158.83621,159.93497,
2011-04-18 17:56:48-04:00,159.06331,160.1836,
2011-04-18 17:56:51-04:00,163.6641,164.81357,
2011-04-18 17:56:54-04:00,160.20682,161.31958,
2011-04-18 17:56:57-04:00,161.86688,162.97772,
2011-04-18 17:57:00-04:00,161.59154,162.69658,
2011-04-18 17:57:03-04:00,161.84807,162.98044,
2011-04-18 17:57:06-04:00,160.17502,161.29836,
2011-04-18 17:57:09-04:00,159.9689,161.0627,
2011-04-18 17:57:12-04:00,160.12619,161.23576,
2011-04-18 17:57:15-04:00,162.66916,163.78801,
2011-04-18 17:57:18-04:00,160.58954,161.70508,
2011-04-18 17:57:21-04:00,162.75233,163.92703,
2011-04-18 17:57:24-04:00,162.39143,163.53316,
2011-04-18 17:57:27-04:00,163.07083,164.24513,
2011-04-18 17:57:30-04:00,161.8104,162.91757,
2011-04-18 17:57:33-04:00,160.12149,161.20946,
2011-04-18 17:57:36-04:00,160.0793,161.1474,
2011-04-18 17:57:39-04:00,164.52406,165.61504,
2011-04-18 17:57:42-04:00,172.75186,174.21837,
2011-04-18 17:57:45-04:00,171.53386,172.32463,
2011-04-18 17:57:48-04:00,171.97096,172.59183,
2011-04-18 17:57:51-04:00,174.59213,175.38515,
2011-04-18 17:57:54-04:00,171.86221,172.90318,
2011-04-18 17:57:57-04:00,171.35075,172.61937,
2011-04-18 17:58:00-04:00,170.33006,171.82103,
2011-04-18 17:58:03-04:00,170.3093,171.9505,
2011-04-18 17:58:06-04:00,169.27176,170.96068,
2011-04-18 17:58:09-04:00,173.08409,174.8228,
2011-04-18 17:58:12-04:00,173.18011,174.88997,
2011-04-18 17:58:15-04:00,171.3471,172.99274,
2011-04-18 17:58:18-04:00,169.33725,170.90788,
2011-04-18 17:58:21-04:00,171.32196,172.88086,
2011-04-18 17:58:24-04:00,170.61226,172.13748,
2011-04-18 17:58:27-04:00,169.95232,171.45288,
2011-04-18 17:58:30-04:00,168.72832,170.19476,
2011-04-18 17:58:33-04:00,168.76767,170.25435,
2011-04-18 17:58:36-04:00,168.77063,170.26933,
2011-04-18 17:58:39-04:00,170.20149,171.71443,
2011-04-18 17:58:42-04:00,169.167,170.711,
2011-04-18 17:58:45-04:00,170.00853,171.57419,
2011-04-18 17:58:48-04:00,170.08665,171.66861,
2011-04-18 17:58:51-04:00,168.34988,169.9089,
2011-04-18 17:58:54-04:00,168.20274,169.73473,
2011-04-18 17:58:57-04:00,168.24832,169.77385,
2011-04-18 17:59:00-04:00,168.31847,169.83693,
2011-04-18 17:59:03-04:00,168.38332,169.89847,
2011-04-18 17:59:06-04:00,168.41072,169.92667,
2011-04-18 17:59:09-04:00,168.37683,169.89465,
2011-04-18 17:59:12-04:00,168.38226,169.90851,
2011-04-18 17:59:15-04:00,169.40541,170.95306,
2011-04-18 17:59:18-04:00,168.2054,169.73158,
2011-04-18 17:59:21-04:00,170.17062,171.74408,
2011-04-18 17:59:24-04:00,169.29013,170.8696,
2011-04-18 17:59:27-04:00,168.27112,169.82895,
2011-04-18 17:59:30-04:00,168.34512,169.90627,
2011-04-18 17:59:33-04:00,168.24377,169.80206,
2011-04-18 17:59:36-04:00,172.42271,174.02922,
2011-04-18 17:59:39-04:00,169.42375,170.97133,
2011-04-18 17:59:42-04:00,168.28276,169.81308,
2011-04-18 17:59:45-04:00,168.5802,170.14793,
2011-04-18 17:59:48-04:00,168.25052,169.79819,
2011-04-18 17:59:51-04:00,168.3242,169.89023,
2011-04-18 17:59:54-04:00,168.23485,169.80128,
2011-04-18 17:59:57-04:00,168.24503,169.81837,
2011-04-18 18:00:00-04:00,171.95047,173.55734,
2011-04-18 18:00:03-04:00,172.04132,173.6634,
2011-04-18 18:00:06-04:00,172.5525,174.18446,
2011-04-18 18:00:09-04:00,169.40742,170.95749,
2011-04-18 18:00:12-04:00,170.49364,172.0567,
2011-04-18 18:00:15-04:00,171.53688,173.1032,
2011-04-18 18:00:18-04:00,168.29579,169.80759,
2011-04-18 18:00:21-04:00,168.51653,170.0685,
2011-04-18 18:00:24-04:00,170.57127,172.15428,
2011-04-18 18:00:27-04:00,170.28125,171.83768,
2011-04-18 18:00:30-04:00,169.34383,170.89943,
2011-04-18 18:00:33-04:00,168.61267,170.16722,
2011-04-18 18:00:36-04:00,170.30124,171.8437,
2011-04-18 18:00:39-04:00,168.2087,169.72806,
2011-04-18 18:00:42-04:00,168.41727,169.96027,
2011-04-18 18:00:45-04:00,169.09145,170.61693,
2011-04-18 18:00:48-04:00,168.0859,169.6056,
2011-04-18 18:00:51-04:00,168.52628,170.06755,
2011-04-18 18:00:54-04:00,169.45789,170.98526,
2011-04-18 18:00:57-04:00,168.53813,170.04303,
2011-04-18 18:01:00-04:00,168.40329,169.89337,
2011-04-18 18:01:03-04:00,168.19588,169.69077,
2011-04-18 18:01:06-04:00,170.8983,172.4388,
2011-04-18 18:01:09-04:00,169.18828,170.73837,
2011-04-18 18:01:12-04:00,168.32874,169.87392,
2011-04-18 18:01:15-04:00,172.94818,174.53111,
2011-04-18 18:01:18-04:00,167.53658,169.04305,
2011-04-18 18:01:21-04:00,167.79996,169.37521,
2011-04-18 18:01:24-04:00,166.76305,168.34206,
2011-04-18 18:01:27-04:00,170.09787,171.69705,
2011-04-18 18:01:30-04:00,167.59293,169.19722,
2011-04-18 18:01:33-04:00,168.5524,170.14742,
2011-04-18 18:01:36-04:00,171.91994,173.55836,
2011-04-18 18:01:39-04:00,171.34537,172.9421,
2011-04-18 18:01:42-04:00,170.08224,171.60204,
2011-04-18 18:01:45-04:00,170.12589,171.6506,
2011-04-18 18:01:48-04:00,168.63722,170.15392,
2011-04-18 18:01:51-04:00,170.94519,172.55971,
2011-04-18 18:01:54-04:00,172.97069,174.60815,
2011-04-18 18:01:57-04:00,169.1521,170.73283,
2011-04-18 18:02:00-04:00,169.19916,170.78047,
2011-04-18 18:02:03-04:00,169.1082,170.67976,
2011-04-18 18:02:06-04:00,170.82446,172.41377,
2011-04-18 18:02:09-04:00,171.89084,173.49059,
2011-04-18 18:02:12-04:00,169.9771,171.53969,
2011-04-18 18:02:15-04:00,168.22331,169.76279,
2011-04-18 18:02:18-04:00,168.22783,169.74985,
2011-04-18 18:02:21-04:00,168.28444,169.80473,
2011-04-18 18:02:24-04:00,170.08066,171.59593,
2011-04-18 18:02:27-04:00,171.23872,172.7877,
2011-04-18 18:02:30-04:00,169.46207,171.00128,
2011-04-18 18:02:33-04:00,168.43494,169.9642,
2011-04-18 18:02:36-04:00,170.98611,172.5331,
2011-04-18 18:02:39-04:00,168.15549,169.68947,
2011-04-18 18:02:42-04:00,168.08046,169.6208,
2011-04-18 18:02:45-04:00,171.22987,172.81862,
2011-04-18 18:02:48-04:00,171.99802,173.56229,
2011-04-18 18:02:51-04:00,171.23099,172.7981,
2011-04-18 18:02:54-04:00,169.9041,171.43562,
2011-04-18 18:02:57-04:00,168.3218,169.87665,
2011-04-18 18:03:00-04:00,168.38135,169.92686,
2011-04-18 18:03:03-04:00,168.33664,169.87747,
2011-04-18 18:03:06-04:00,168.33762,169.88463,
2011-04-18 18:03:09-04:00,168.25955,169.80573,
2011-04-18 18:03:12-04:00,168.418,169.9857,
2011-04-18 18:03:15-04:00,168.45592,170.01569,
2011-04-18 18:03:18-04:00,171.16707,172.75041,
2011-04-18 18:03:21-04:00,169.4586,171.03755,
2011-04-18 18:03:24-04:00,169.45126,171.01833,
2011-04-18 18:03:27-04:00,170.5354,172.11691,
2011-04-18 18:03:30-04:00,168.34087,169.88397,
2011-04-18 18:03:33-04:00,167.34454,168.87854,
2011-04-18 18:03:36-04:00,168.74612,170.32205,
2011-04-18 18:03:39-04:00,168.43396,169.976,
2011-04-18 18:03:42-04:00,169.50145,171.0699,
2011-04-18 18:03:45-04:00,168.46793,170.02199,
2011-04-18 18:03:48-04:00,169.3638,170.93054,
2011-04-18 18:03:51-04:00,172.20798,173.80849,
2011-04-18 18:03:54-04:00,168.14494,169.69543,
2011-04-18 18:03:57-04:00,168.24315,169.81328,
2011-04-18 18:04:00-04:00,168.2463,169.81381,
2011-04-18 18:04:03-04:00,168.15637,169.71794,
2011-04-18 18:04:06-04:00,170.36772,171.95708,
2011-04-18 18:04:09-04:00,169.28032,170.832,
2011-04-18 18:04:12-04:00,169.36215,170.91422,
2011-04-18 18:04:15-04:00,168.3383,169.87413,
2011-04-18 18:04:18-04:00,171.17241,172.74394,
2011-04-18 18:04:21-04:00,168.35306,169.91518,
2011-04-18 18:04:24-04:00,168.41844,169.98601,
2011-04-18 18:04:27-04:00,168.45143,170.0131,
